product_name,opinion_id,statement,opinion,score,date
"Ice Skates Model X",1,positive,"Very comfortable and supportive.",5,2024-01-12
"Ice Skates Model X",2,positive,"Blades arrived sharp and ready to use.",5,2024-02-18
"Ice Skates Model X",3,positive,"Boot is stiff at first but improves with time.",4,2024-03-02
"Ice Skates Model X",4,positive,"Great quality for the price.",5,2024-03-21
"Ice Skates Model X",5,positive,"Perfect for beginners.",5,2024-04-05
"Ice Skates Model X",6,positive,"Excellent ankle stability.",5,2024-04-22
"Ice Skates Model X",7,positive,"A bit heavy but very durable.",4,2024-05-11
"Ice Skates Model X",8,positive,"Looks stylish on the ice.",5,2024-06-03
"Ice Skates Model X",9,positive,"Good balance and smooth glide.",5,2024-06-22
"Ice Skates Model X",10,positive,"Warm inner padding keeps feet cozy.",5,2024-07-01
"Ice Skates Model X",11,positive,"Fantastic choice for recreational skating.",5,2024-07-17
"Ice Skates Model X",12,positive,"Easy to clean and maintain.",4,2024-08-04
"Ice Skates Model X",13,positive,"Very secure fit once fully laced.",5,2024-08-19
"Ice Skates Model X",14,positive,"Great option for kids learning to skate.",5,2024-09-01
"Ice Skates Model X",15,positive,"A little pricey but worth it.",4,2024-09-13
"Ice Skates Model X",16,positive,"Comfortable even after long sessions.",5,2024-10-03
"Ice Skates Model X",17,positive,"The boot material feels premium.",5,2024-10-17
"Ice Skates Model X",18,positive,"Fits true to size.",5,2024-11-08
"Ice Skates Model X",19,positive,"Perfect for casual weekend skating.",5,2024-11-24
"Ice Skates Model X",20,positive,"Supportive enough for jumps and spins.",5,2024-12-11
"Ice Skates Model X",21,positive,"Blades hold an edge really well.",5,2024-12-27
"Ice Skates Model X",22,positive,"Lightweight and easy to control.",5,2025-01-10
"Ice Skates Model X",23,positive,"Good for both indoor and outdoor rinks.",4,2025-01-28
"Ice Skates Model X",24,positive,"Very responsive on tight turns.",5,2025-02-08
"Ice Skates Model X",25,positive,"Sharp edges right out of the box.",5,2025-02-22
"Ice Skates Model X",26,positive,"Breaks in surprisingly quickly.",4,2025-03-09
"Ice Skates Model X",27,positive,"Good ventilation; feet don’t overheat.",4,2025-03-25
"Ice Skates Model X",28,positive,"Eyelets feel strong and well-made.",5,2025-04-12
"Ice Skates Model X",29,positive,"Excellent stability for beginners.",5,2025-04-30
"Ice Skates Model X",30,positive,"Really nice craftsmanship.",5,2025-05-11
"Ice Skates Model X",31,positive,"Solid construction and comfortable fit.",5,2025-05-29
"Ice Skates Model X",32,positive,"Took a few tries to get the lacing perfect.",4,2025-06-09
"Ice Skates Model X",33,positive,"Great for teaching kids basic skills.",5,2025-06-24
"Ice Skates Model X",34,positive,"Boot gets softer with every skate.",4,2025-07-14
"Ice Skates Model X",35,positive,"Strong ankle support for tricky moves.",5,2025-07-29
"Ice Skates Model X",36,positive,"Interior lining is very plush.",5,2025-08-15
"Ice Skates Model X",37,positive,"Heavy-duty build for serious skaters.",4,2025-08-29
"Ice Skates Model X",38,positive,"Feels stiff but secure.",4,2025-09-16
"Ice Skates Model X",39,positive,"Good grip on the ice.",5,2025-09-30
"Ice Skates Model X",40,positive,"Nice classic look.",5,2025-10-14
"Ice Skates Model X",41,positive,"Perfect for beginners who want stability.",5,2025-10-29
"Ice Skates Model X",42,positive,"Excellent overall performance.",5,2025-11-08
"Ice Skates Model X",43,positive,"Feels balanced and smooth.",5,2025-11-20
"Ice Skates Model X",44,positive,"The padding feels high-quality.",5,2025-12-02
"Ice Skates Model X",45,positive,"Good choice for hobby skaters.",4,2025-12-18
"Ice Skates Model X",46,positive,"Easy to sharpen.",5,2024-01-06
"Ice Skates Model X",47,positive,"Doesn’t lose edge quickly.",5,2024-01-23
"Ice Skates Model X",48,positive,"Lightweight but sturdy.",5,2024-02-04
"Ice Skates Model X",49,positive,"High-quality leather that feels durable.",5,2024-02-25
"Ice Skates Model X",50,positive,"Looks even better in person.",5,2024-03-10
"Ice Skates Model X",51,positive,"Great for practicing spins.",5,2024-03-26
"Ice Skates Model X",52,positive,"Boot height is ideal for ankle protection.",5,2024-04-07
"Ice Skates Model X",53,positive,"Very steady on uneven outdoor ice.",4,2024-04-28
"Ice Skates Model X",54,positive,"Perfect for beginners and intermediates.",5,2024-05-16
"Ice Skates Model X",55,positive,"Very warm even on cold days.",5,2024-06-01
"Ice Skates Model X",56,positive,"Smooth turning and excellent control.",5,2024-06-19
"Ice Skates Model X",57,positive,"Classic design that never goes out of style.",5,2024-07-07
"Ice Skates Model X",58,positive,"Cooling off after skating is easy because they ventilate well.",4,2024-07-22
"Ice Skates Model X",59,positive,"Hard outer shell gives a secure feel.",5,2024-08-11
"Ice Skates Model X",60,positive,"Great for hockey drills.",5,2024-08-28
"Ice Skates Model X",61,positive,"Very flexible and comfortable boot.",5,2024-09-09
"Ice Skates Model X",62,positive,"Excellent choice for growing skaters.",5,2024-09-27
"Ice Skates Model X",63,positive,"The heel holds very firm.",5,2024-10-15
"Ice Skates Model X",64,positive,"Feels premium compared to other brands.",5,2024-10-31
"Ice Skates Model X",65,positive,"Easy to adjust the tightness.",5,2024-11-19
"Ice Skates Model X",66,positive,"Solid choice for occasional skating.",4,2024-12-01
"Ice Skates Model X",67,positive,"Fits perfectly with thin socks.",5,2024-12-21
"Ice Skates Model X",68,positive,"Excellent cutting performance on fresh ice.",5,2025-01-04
"Ice Skates Model X",69,positive,"The laces stay tight the whole session.",5,2025-01-19
"Ice Skates Model X",70,positive,"Perfect fit for narrow feet.",5,2025-02-05
"Ice Skates Model X",71,positive,"Hard to break in but worth it.",4,2025-02-21
"Ice Skates Model X",72,positive,"Boot feels extremely protective.",5,2025-03-08
"Ice Skates Model X",73,positive,"Nicely balanced blade profile.",5,2025-03-26
"Ice Skates Model X",74,positive,"Very smooth glide with minimal effort.",5,2025-04-08
"Ice Skates Model X",75,positive,"Great comfort from the first wear.",5,2025-04-25
"Ice Skates Model X",76,positive,"Good toe room without feeling loose.",4,2025-05-15
"Ice Skates Model X",77,positive,"Performs well in colder temperatures.",5,2025-05-30
"Ice Skates Model X",78,positive,"High level of craftsmanship.",5,2025-06-18
"Ice Skates Model X",79,positive,"No pressure on the arch area.",5,2025-07-02
"Ice Skates Model X",80,positive,"Good for both figure skating and casual use.",5,2025-07-21
"Ice Skates Model X",81,positive,"Very safe for new skaters.",5,2025-08-03
"Ice Skates Model X",82,positive,"Feels stable during fast skating.",5,2025-08-25
"Ice Skates Model X",83,positive,"High-quality stitching.",5,2025-09-10
"Ice Skates Model X",84,positive,"The design stands out.",5,2025-09-28
"Ice Skates Model X",85,positive,"Fantastic edge retention.",5,2025-10-09
"Ice Skates Model X",86,positive,"Very smooth on freshly resurfaced ice.",5,2025-10-30
"Ice Skates Model X",87,positive,"Boot dries quickly after use.",4,2025-11-11
"Ice Skates Model X",88,positive,"Great overall durability.",5,2025-11-29
"Ice Skates Model X",89,positive,"Excellent value for families.",5,2025-12-09
"Ice Skates Model X",90,positive,"Very supportive of proper posture.",5,2025-12-23
"Ice Skates Model X",91,positive,"Quick to adapt to after break-in.",5,2024-01-03
"Ice Skates Model X",92,positive,"Blade guard clips fit perfectly.",5,2024-01-19
"Ice Skates Model X",93,positive,"Does not wobble at high speeds.",5,2024-02-07
"Ice Skates Model X",94,positive,"Great beginners’ choice on a budget.",5,2024-02-28
"Ice Skates Model X",95,positive,"Reliable and sturdy blade holder.",5,2024-03-15
"Ice Skates Model X",96,positive,"Very easy to control foot pressure.",5,2024-03-31
"Ice Skates Model X",97,positive,"Stylish modern design.",5,2024-04-13
"Ice Skates Model X",98,positive,"Comfortable even after multiple hours.",5,2024-05-01
"Ice Skates Model X",99,positive,"Very lightweight for the support level.",5,2024-05-19
"Ice Skates Model X",100,positive,"Works well for recreational hockey.",4,2024-06-06
"Ice Skates Model X",101,negative,"Runs slightly small; consider going one size up.",2,2024-01-14
"Ice Skates Model X",102,negative,"Not ideal for wide feet.",1,2024-02-03
"Ice Skates Model X",103,negative,"Laces feel cheap compared to the boot.",2,2024-02-26
"Ice Skates Model X",104,negative,"Break-in period is longer than expected.",2,2024-03-14
"Ice Skates Model X",105,negative,"Blade covers should have been included.",1,2024-03-30
"Ice Skates Model X",106,negative,"Padding compresses after a few weeks.",1,2024-04-16
"Ice Skates Model X",107,negative,"A little pricey but worth it.",2,2024-04-29
"Ice Skates Model X",108,negative,"Too narrow for my liking.",1,2024-05-12
"Ice Skates Model X",109,negative,"Scuffed easily after first use.",1,2024-05-27
"Ice Skates Model X",110,negative,"Heel area feels a bit loose.",2,2024-06-14
"Ice Skates Model X",111,negative,"Blades were misaligned slightly.",1,2024-06-30
"Ice Skates Model X",112,negative,"Feels stiff but secure.",2,2024-07-16
"Ice Skates Model X",113,negative,"Hard to put on the first few times.",1,2024-07-31
"Ice Skates Model X",114,negative,"A little tight around the toes.",2,2024-08-13
"Ice Skates Model X",115,negative,"Tight around the ankles.",1,2024-08-29
"Ice Skates Model X",116,negative,"Slight pressure points on the sides.",1,2024-09-10
"Ice Skates Model X",117,negative,"Lining wears down after heavy use.",1,2024-09-25
"Ice Skates Model X",118,negative,"Could use more padding inside.",1,2024-10-09
"Ice Skates Model X",119,negative,"The heel lifts slightly on sharp turns.",2,2024-10-25
"Ice Skates Model X",120,negative,"Boot material creases a little over time.",2,2024-11-07
"Ice Skates Model X",121,negative,"Not ideal for very narrow ankles.",1,2024-11-24
"Ice Skates Model X",122,negative,"Boot can feel stiff in cold temperatures.",2,2024-12-05
"Ice Skates Model X",123,negative,"A bit noisy compared to my old pair.",2,2024-12-23
"Ice Skates Model X",124,negative,"Doesn’t rub against the ankles.",2,2025-01-08
"Ice Skates Model X",125,negative,"Blade had some minor scratches.",1,2025-01-27
"Ice Skates Model X",126,negative,"Not ideal for professional use.",1,2025-02-10
"Ice Skates Model X",127,negative,"A bit too stiff for very young kids.",1,2025-02-26
"Ice Skates Model X",128,negative,"A bit bulky to carry around.",2,2025-03-13
"Ice Skates Model X",129,negative,"The footbed could use more cushioning.",1,2025-03-28
"Ice Skates Model X",130,negative,"Laces fray a bit after long use.",2,2025-04-10
"Ice Skates Model X",131,negative,"A bit slippery on outdoor ice until sharpened.",1,2025-04-24
"Ice Skates Model X",132,negative,"Padding could be a little thicker.",1,2025-05-09
"Ice Skates Model X",133,negative,"The laces are longer than necessary.",2,2025-05-22
"Ice Skates Model X",134,negative,"Boot doesn’t flex too much.",2,2025-06-06
"Ice Skates Model X",135,negative,"Doesn’t cause arch pain.",2,2025-06-25
"Ice Skates Model X",136,negative,"Boot material creases after repeated use.",1,2025-07-08
"Ice Skates Model X",137,negative,"Inner padding wears out over time.",1,2025-07-26
"Ice Skates Model X",138,negative,"Heavier than expected.",2,2025-08-12
"Ice Skates Model X",139,negative,"Takes a long time to dry after use.",1,2025-08-29
"Ice Skates Model X",140,negative,"Feels slightly unstable on uneven ice.",2,2025-09-14
"Ice Skates Model X",141,negative,"Toe pick feels too aggressive.",1,2025-09-30
"Ice Skates Model X",142,negative,"Ankle support could be stronger.",2,2025-10-17
"Ice Skates Model X",143,negative,"Laces slip during longer sessions.",1,2025-10-29
"Ice Skates Model X",144,negative,"Blade guard doesn’t fit well.",1,2025-11-12
"Ice Skates Model X",145,negative,"Boot feels rigid even after break-in.",1,2025-11-28
"Ice Skates Model X",146,negative,"Hard to clean certain areas.",2,2025-12-13
"Ice Skates Model X",147,negative,"Blade steel scratches quickly.",1,2025-12-27
"Ice Skates Model X",148,negative,"Not enough mid-foot support.",1,2024-01-09
"Ice Skates Model X",149,negative,"Difficult to lace evenly.",1,2024-01-28
"Ice Skates Model X",150,negative,"The heel feels too low.",2,2024-02-12
"Ice Skates Model X",151,negative,"Stitching comes loose in spots.",1,2024-02-24
"Ice Skates Model X",152,negative,"Boot feels bulky.",2,2024-03-12
"Ice Skates Model X",153,negative,"Edges dull faster than expected.",1,2024-03-27
"Ice Skates Model X",154,negative,"Causes mild rubbing on the sides.",1,2024-04-14
"Ice Skates Model X",155,negative,"Eyelets feel weaker than they should.",1,2024-04-30
"Ice Skates Model X",156,negative,"Doesn’t provide enough toe protection.",2,2024-05-18
"Ice Skates Model X",157,negative,"The liner absorbs moisture too easily.",1,2024-05-31
"Ice Skates Model X",158,negative,"Feels cheap compared to similar models.",1,2024-06-15
"Ice Skates Model X",159,negative,"Blade profile feels off-balance.",1,2024-06-27
"Ice Skates Model X",160,negative,"Sole feels too stiff.",2,2024-07-11
"Ice Skates Model X",161,negative,"Toe box feels cramped.",1,2024-07-29
"Ice Skates Model X",162,negative,"Not warm enough for very cold days.",1,2024-08-14
"Ice Skates Model X",163,negative,"Tongue padding flattens quickly.",1,2024-08-30
"Ice Skates Model X",164,negative,"Feels unstable when turning fast.",1,2024-09-15
"Ice Skates Model X",165,negative,"Loops for laces feel small.",2,2024-10-02
"Ice Skates Model X",166,negative,"Ankle area opens up over time.",1,2024-10-20
"Ice Skates Model X",167,negative,"Edges chip on rough ice.",1,2024-11-03
"Ice Skates Model X",168,negative,"Boot wrinkles easily.",2,2024-11-22
"Ice Skates Model X",169,negative,"Foot slides slightly despite correct size.",2,2024-12-06
"Ice Skates Model X",170,negative,"Laces collect moisture.",1,2024-12-19
"Ice Skates Model X",171,negative,"Not supportive enough for jumps.",1,2025-01-06
"Ice Skates Model X",172,negative,"Toe pick catches too often.",1,2025-01-23
"Ice Skates Model X",173,negative,"Blade lacks smoothness on turns.",1,2025-02-04
"Ice Skates Model X",174,negative,"Padding on the sides wears quickly.",1,2025-02-19
"Ice Skates Model X",175,negative,"Outer shell gets scratched easily.",1,2025-03-05
"Ice Skates Model X",176,negative,"Heel counter feels overly stiff.",2,2025-03-21
"Ice Skates Model X",177,negative,"Arch area doesn’t feel fully supported.",1,2025-04-06
"Ice Skates Model X",178,negative,"Boot interior holds odors.",1,2025-04-20
"Ice Skates Model X",179,negative,"Toe padding could be softer.",2,2025-05-07
"Ice Skates Model X",180,negative,"Edges require sharpening too often.",1,2025-05-23
"Ice Skates Model X",181,negative,"Upper material scratches easily.",2,2025-06-03
"Ice Skates Model X",182,negative,"Insole wears down too fast.",1,2025-06-20
"Ice Skates Model X",183,negative,"Tongue shifts while skating.",1,2025-07-04
"Ice Skates Model X",184,negative,"Ankle support inconsistent.",2,2025-07-22
"Ice Skates Model X",185,negative,"Not comfortable for long sessions.",1,2025-08-05
"Ice Skates Model X",186,negative,"Feels awkward on backward skating.",2,2025-08-21
"Ice Skates Model X",187,negative,"Blade holder feels flimsy.",1,2025-09-02
"Ice Skates Model X",188,negative,"Outer coating chips off.",1,2025-09-19
"Ice Skates Model X",189,negative,"Laces dig into the tongue.",2,2025-10-04
"Ice Skates Model X",190,negative,"Doesn’t breathe well.",1,2025-10-22
"Ice Skates Model X",191,negative,"Too stiff for casual skating.",1,2025-11-03
"Ice Skates Model X",192,negative,"Blade vibrates slightly at speed.",1,2025-11-17
"Ice Skates Model X",193,negative,"Not ideal for uneven surfaces.",2,2025-12-01
"Ice Skates Model X",194,negative,"Edges uneven from factory.",1,2025-12-16
"Ice Skates Model X",195,negative,"Feels heavy after long use.",2,2024-01-17
"Ice Skates Model X",196,negative,"Footbed feels overly hard.",1,2024-02-01
"Ice Skates Model X",197,negative,"Padding around ankle too thin.",1,2024-02-20
"Ice Skates Model X",198,negative,"Blade alignment slightly off-center.",2,2024-03-08
"Ice Skates Model X",199,negative,"Soles get slippery when wet.",1,2024-03-24
"Ice Skates Model X",200,negative,"Break-in takes much longer than expected.",1,2024-04-11