product_name;opinion_id;sentiment;opinion;score;date
Racing Thunder 3;op001;positive;Great experience playing Racing Thunder 3, enjoyable and smooth gameplay.;4;
Mystic Realms Online;op002;positive;Great experience playing Mystic Realms Online, enjoyable and smooth gameplay.;4;
CyberStrike Arena;op003;positive;Great experience playing CyberStrike Arena, enjoyable and smooth gameplay.;4;
Farm Life Simulator;op004;positive;Great experience playing Farm Life Simulator, enjoyable and smooth gameplay.;4;
Galaxy Quest IV;op005;positive;Great experience playing Galaxy Quest IV, enjoyable and smooth gameplay.;4;
Racing Thunder 3;op006;positive;Great experience playing Racing Thunder 3, enjoyable and smooth gameplay.;4;
Mystic Realms Online;op007;positive;Great experience playing Mystic Realms Online, enjoyable and smooth gameplay.;4;
CyberStrike Arena;op008;positive;Great experience playing CyberStrike Arena, enjoyable and smooth gameplay.;4;
Farm Life Simulator;op009;positive;Great experience playing Farm Life Simulator, enjoyable and smooth gameplay.;4;
Galaxy Quest IV;op010;positive;Great experience playing Galaxy Quest IV, enjoyable and smooth gameplay.;4;
Racing Thunder 3;op011;positive;Great experience playing Racing Thunder 3, enjoyable and smooth gameplay.;4;
Mystic Realms Online;op012;positive;Great experience playing Mystic Realms Online, enjoyable and smooth gameplay.;4;
CyberStrike Arena;op013;positive;Great experience playing CyberStrike Arena, enjoyable and smooth gameplay.;4;
Farm Life Simulator;op014;positive;Great experience playing Farm Life Simulator, enjoyable and smooth gameplay.;4;
Galaxy Quest IV;op015;positive;Great experience playing Galaxy Quest IV, enjoyable and smooth gameplay.;4;
Racing Thunder 3;op016;positive;Great experience playing Racing Thunder 3, enjoyable and smooth gameplay.;4;
Mystic Realms Online;op017;positive;Great experience playing Mystic Realms Online, enjoyable and smooth gameplay.;4;
CyberStrike Arena;op018;positive;Great experience playing CyberStrike Arena, enjoyable and smooth gameplay.;4;
Farm Life Simulator;op019;positive;Great experience playing Farm Life Simulator, enjoyable and smooth gameplay.;4;
Galaxy Quest IV;op020;positive;Great experience playing Galaxy Quest IV, enjoyable and smooth gameplay.;4;
Racing Thunder 3;op021;positive;Great experience playing Racing Thunder 3, enjoyable and smooth gameplay.;4;
Mystic Realms Online;op022;positive;Great experience playing Mystic Realms Online, enjoyable and smooth gameplay.;4;
CyberStrike Arena;op023;positive;Great experience playing CyberStrike Arena, enjoyable and smooth gameplay.;4;
Farm Life Simulator;op024;positive;Great experience playing Farm Life Simulator, enjoyable and smooth gameplay.;4;
Galaxy Quest IV;op025;positive;Great experience playing Galaxy Quest IV, enjoyable and smooth gameplay.;4;
Racing Thunder 3;op026;positive;Great experience playing Racing Thunder 3, enjoyable and smooth gameplay.;4;
Mystic Realms Online;op027;positive;Great experience playing Mystic Realms Online, enjoyable and smooth gameplay.;4;
CyberStrike Arena;op028;positive;Great experience playing CyberStrike Arena, enjoyable and smooth gameplay.;4;
Farm Life Simulator;op029;positive;Great experience playing Farm Life Simulator, enjoyable and smooth gameplay.;4;
Galaxy Quest IV;op030;positive;Great experience playing Galaxy Quest IV, enjoyable and smooth gameplay.;4;
Racing Thunder 3;op031;positive;Great experience playing Racing Thunder 3, enjoyable and smooth gameplay.;4;
Mystic Realms Online;op032;positive;Great experience playing Mystic Realms Online, enjoyable and smooth gameplay.;4;
CyberStrike Arena;op033;positive;Great experience playing CyberStrike Arena, enjoyable and smooth gameplay.;4;
Farm Life Simulator;op034;positive;Great experience playing Farm Life Simulator, enjoyable and smooth gameplay.;4;
Galaxy Quest IV;op035;positive;Great experience playing Galaxy Quest IV, enjoyable and smooth gameplay.;4;
Racing Thunder 3;op036;positive;Great experience playing Racing Thunder 3, enjoyable and smooth gameplay.;4;
Mystic Realms Online;op037;positive;Great experience playing Mystic Realms Online, enjoyable and smooth gameplay.;4;
CyberStrike Arena;op038;positive;Great experience playing CyberStrike Arena, enjoyable and smooth gameplay.;4;
Farm Life Simulator;op039;positive;Great experience playing Farm Life Simulator, enjoyable and smooth gameplay.;4;
Galaxy Quest IV;op040;positive;Great experience playing Galaxy Quest IV, enjoyable and smooth gameplay.;4;
Racing Thunder 3;op041;positive;Great experience playing Racing Thunder 3, enjoyable and smooth gameplay.;4;
Mystic Realms Online;op042;positive;Great experience playing Mystic Realms Online, enjoyable and smooth gameplay.;4;
CyberStrike Arena;op043;positive;Great experience playing CyberStrike Arena, enjoyable and smooth gameplay.;4;
Farm Life Simulator;op044;positive;Great experience playing Farm Life Simulator, enjoyable and smooth gameplay.;4;
Galaxy Quest IV;op045;positive;Great experience playing Galaxy Quest IV, enjoyable and smooth gameplay.;4;
Racing Thunder 3;op046;positive;Great experience playing Racing Thunder 3, enjoyable and smooth gameplay.;4;
Mystic Realms Online;op047;positive;Great experience playing Mystic Realms Online, enjoyable and smooth gameplay.;4;
CyberStrike Arena;op048;positive;Great experience playing CyberStrike Arena, enjoyable and smooth gameplay.;4;
Farm Life Simulator;op049;positive;Great experience playing Farm Life Simulator, enjoyable and smooth gameplay.;4;
Galaxy Quest IV;op050;positive;Great experience playing Galaxy Quest IV, enjoyable and smooth gameplay.;4;
Racing Thunder 3;op051;positive;Great experience playing Racing Thunder 3, enjoyable and smooth gameplay.;4;
Mystic Realms Online;op052;positive;Great experience playing Mystic Realms Online, enjoyable and smooth gameplay.;4;
CyberStrike Arena;op053;positive;Great experience playing CyberStrike Arena, enjoyable and smooth gameplay.;4;
Farm Life Simulator;op054;positive;Great experience playing Farm Life Simulator, enjoyable and smooth gameplay.;4;
Galaxy Quest IV;op055;positive;Great experience playing Galaxy Quest IV, enjoyable and smooth gameplay.;4;
Racing Thunder 3;op056;positive;Great experience playing Racing Thunder 3, enjoyable and smooth gameplay.;4;
Mystic Realms Online;op057;positive;Great experience playing Mystic Realms Online, enjoyable and smooth gameplay.;4;
CyberStrike Arena;op058;positive;Great experience playing CyberStrike Arena, enjoyable and smooth gameplay.;4;
Farm Life Simulator;op059;positive;Great experience playing Farm Life Simulator, enjoyable and smooth gameplay.;4;
Galaxy Quest IV;op060;positive;Great experience playing Galaxy Quest IV, enjoyable and smooth gameplay.;4;
Racing Thunder 3;op061;positive;Great experience playing Racing Thunder 3, enjoyable and smooth gameplay.;4;
Mystic Realms Online;op062;positive;Great experience playing Mystic Realms Online, enjoyable and smooth gameplay.;4;
CyberStrike Arena;op063;positive;Great experience playing CyberStrike Arena, enjoyable and smooth gameplay.;4;
Farm Life Simulator;op064;positive;Great experience playing Farm Life Simulator, enjoyable and smooth gameplay.;4;
Galaxy Quest IV;op065;positive;Great experience playing Galaxy Quest IV, enjoyable and smooth gameplay.;4;
Racing Thunder 3;op066;positive;Great experience playing Racing Thunder 3, enjoyable and smooth gameplay.;4;
Mystic Realms Online;op067;positive;Great experience playing Mystic Realms Online, enjoyable and smooth gameplay.;4;
CyberStrike Arena;op068;positive;Great experience playing CyberStrike Arena, enjoyable and smooth gameplay.;4;
Farm Life Simulator;op069;positive;Great experience playing Farm Life Simulator, enjoyable and smooth gameplay.;4;
Galaxy Quest IV;op070;positive;Great experience playing Galaxy Quest IV, enjoyable and smooth gameplay.;4;
Racing Thunder 3;op071;positive;Great experience playing Racing Thunder 3, enjoyable and smooth gameplay.;4;
Mystic Realms Online;op072;positive;Great experience playing Mystic Realms Online, enjoyable and smooth gameplay.;4;
CyberStrike Arena;op073;positive;Great experience playing CyberStrike Arena, enjoyable and smooth gameplay.;4;
Farm Life Simulator;op074;positive;Great experience playing Farm Life Simulator, enjoyable and smooth gameplay.;4;
Galaxy Quest IV;op075;positive;Great experience playing Galaxy Quest IV, enjoyable and smooth gameplay.;4;
Racing Thunder 3;op076;positive;Great experience playing Racing Thunder 3, enjoyable and smooth gameplay.;4;
Mystic Realms Online;op077;positive;Great experience playing Mystic Realms Online, enjoyable and smooth gameplay.;4;
CyberStrike Arena;op078;positive;Great experience playing CyberStrike Arena, enjoyable and smooth gameplay.;4;
Farm Life Simulator;op079;positive;Great experience playing Farm Life Simulator, enjoyable and smooth gameplay.;4;
Galaxy Quest IV;op080;positive;Great experience playing Galaxy Quest IV, enjoyable and smooth gameplay.;4;
Racing Thunder 3;op081;positive;Great experience playing Racing Thunder 3, enjoyable and smooth gameplay.;4;
Mystic Realms Online;op082;positive;Great experience playing Mystic Realms Online, enjoyable and smooth gameplay.;4;
CyberStrike Arena;op083;positive;Great experience playing CyberStrike Arena, enjoyable and smooth gameplay.;4;
Farm Life Simulator;op084;positive;Great experience playing Farm Life Simulator, enjoyable and smooth gameplay.;4;
Galaxy Quest IV;op085;positive;Great experience playing Galaxy Quest IV, enjoyable and smooth gameplay.;4;
Racing Thunder 3;op086;positive;Great experience playing Racing Thunder 3, enjoyable and smooth gameplay.;4;
Mystic Realms Online;op087;positive;Great experience playing Mystic Realms Online, enjoyable and smooth gameplay.;4;
CyberStrike Arena;op088;positive;Great experience playing CyberStrike Arena, enjoyable and smooth gameplay.;4;
Farm Life Simulator;op089;positive;Great experience playing Farm Life Simulator, enjoyable and smooth gameplay.;4;
Galaxy Quest IV;op090;positive;Great experience playing Galaxy Quest IV, enjoyable and smooth gameplay.;4;
Racing Thunder 3;op091;positive;Great experience playing Racing Thunder 3, enjoyable and smooth gameplay.;4;
Mystic Realms Online;op092;positive;Great experience playing Mystic Realms Online, enjoyable and smooth gameplay.;4;
CyberStrike Arena;op093;positive;Great experience playing CyberStrike Arena, enjoyable and smooth gameplay.;4;
Farm Life Simulator;op094;positive;Great experience playing Farm Life Simulator, enjoyable and smooth gameplay.;4;
Galaxy Quest IV;op095;positive;Great experience playing Galaxy Quest IV, enjoyable and smooth gameplay.;4;
Racing Thunder 3;op096;positive;Great experience playing Racing Thunder 3, enjoyable and smooth gameplay.;4;
Mystic Realms Online;op097;positive;Great experience playing Mystic Realms Online, enjoyable and smooth gameplay.;4;
CyberStrike Arena;op098;positive;Great experience playing CyberStrike Arena, enjoyable and smooth gameplay.;4;
Farm Life Simulator;op099;positive;Great experience playing Farm Life Simulator, enjoyable and smooth gameplay.;4;
Galaxy Quest IV;op100;positive;Great experience playing Galaxy Quest IV, enjoyable and smooth gameplay.;4;
Racing Thunder 3;op101;negative;Not satisfied with Racing Thunder 3, too many issues and weak design.;1;
Mystic Realms Online;op102;negative;Not satisfied with Mystic Realms Online, too many issues and weak design.;1;
CyberStrike Arena;op103;negative;Not satisfied with CyberStrike Arena, too many issues and weak design.;1;
Farm Life Simulator;op104;negative;Not satisfied with Farm Life Simulator, too many issues and weak design.;1;
Galaxy Quest IV;op105;negative;Not satisfied with Galaxy Quest IV, too many issues and weak design.;1;
Racing Thunder 3;op106;negative;Not satisfied with Racing Thunder 3, too many issues and weak design.;1;
Mystic Realms Online;op107;negative;Not satisfied with Mystic Realms Online, too many issues and weak design.;1;
CyberStrike Arena;op108;negative;Not satisfied with CyberStrike Arena, too many issues and weak design.;1;
Farm Life Simulator;op109;negative;Not satisfied with Farm Life Simulator, too many issues and weak design.;1;
Galaxy Quest IV;op110;negative;Not satisfied with Galaxy Quest IV, too many issues and weak design.;1;
Racing Thunder 3;op111;negative;Not satisfied with Racing Thunder 3, too many issues and weak design.;1;
Mystic Realms Online;op112;negative;Not satisfied with Mystic Realms Online, too many issues and weak design.;1;
CyberStrike Arena;op113;negative;Not satisfied with CyberStrike Arena, too many issues and weak design.;1;
Farm Life Simulator;op114;negative;Not satisfied with Farm Life Simulator, too many issues and weak design.;1;
Galaxy Quest IV;op115;negative;Not satisfied with Galaxy Quest IV, too many issues and weak design.;1;
Racing Thunder 3;op116;negative;Not satisfied with Racing Thunder 3, too many issues and weak design.;1;
Mystic Realms Online;op117;negative;Not satisfied with Mystic Realms Online, too many issues and weak design.;1;
CyberStrike Arena;op118;negative;Not satisfied with CyberStrike Arena, too many issues and weak design.;1;
Farm Life Simulator;op119;negative;Not satisfied with Farm Life Simulator, too many issues and weak design.;1;
Galaxy Quest IV;op120;negative;Not satisfied with Galaxy Quest IV, too many issues and weak design.;1;
Racing Thunder 3;op121;negative;Not satisfied with Racing Thunder 3, too many issues and weak design.;1;
Mystic Realms Online;op122;negative;Not satisfied with Mystic Realms Online, too many issues and weak design.;1;
CyberStrike Arena;op123;negative;Not satisfied with CyberStrike Arena, too many issues and weak design.;1;
Farm Life Simulator;op124;negative;Not satisfied with Farm Life Simulator, too many issues and weak design.;1;
Galaxy Quest IV;op125;negative;Not satisfied with Galaxy Quest IV, too many issues and weak design.;1;
Racing Thunder 3;op126;negative;Not satisfied with Racing Thunder 3, too many issues and weak design.;1;
Mystic Realms Online;op127;negative;Not satisfied with Mystic Realms Online, too many issues and weak design.;1;
CyberStrike Arena;op128;negative;Not satisfied with CyberStrike Arena, too many issues and weak design.;1;
Farm Life Simulator;op129;negative;Not satisfied with Farm Life Simulator, too many issues and weak design.;1;
Galaxy Quest IV;op130;negative;Not satisfied with Galaxy Quest IV, too many issues and weak design.;1;
Racing Thunder 3;op131;negative;Not satisfied with Racing Thunder 3, too many issues and weak design.;1;
Mystic Realms Online;op132;negative;Not satisfied with Mystic Realms Online, too many issues and weak design.;1;
CyberStrike Arena;op133;negative;Not satisfied with CyberStrike Arena, too many issues and weak design.;1;
Farm Life Simulator;op134;negative;Not satisfied with Farm Life Simulator, too many issues and weak design.;1;
Galaxy Quest IV;op135;negative;Not satisfied with Galaxy Quest IV, too many issues and weak design.;1;
Racing Thunder 3;op136;negative;Not satisfied with Racing Thunder 3, too many issues and weak design.;1;
Mystic Realms Online;op137;negative;Not satisfied with Mystic Realms Online, too many issues and weak design.;1;
CyberStrike Arena;op138;negative;Not satisfied with CyberStrike Arena, too many issues and weak design.;1;
Farm Life Simulator;op139;negative;Not satisfied with Farm Life Simulator, too many issues and weak design.;1;
Galaxy Quest IV;op140;negative;Not satisfied with Galaxy Quest IV, too many issues and weak design.;1;
Racing Thunder 3;op141;negative;Not satisfied with Racing Thunder 3, too many issues and weak design.;1;
Mystic Realms Online;op142;negative;Not satisfied with Mystic Realms Online, too many issues and weak design.;1;
CyberStrike Arena;op143;negative;Not satisfied with CyberStrike Arena, too many issues and weak design.;1;
Farm Life Simulator;op144;negative;Not satisfied with Farm Life Simulator, too many issues and weak design.;1;
Galaxy Quest IV;op145;negative;Not satisfied with Galaxy Quest IV, too many issues and weak design.;1;
Racing Thunder 3;op146;negative;Not satisfied with Racing Thunder 3, too many issues and weak design.;1;
Mystic Realms Online;op147;negative;Not satisfied with Mystic Realms Online, too many issues and weak design.;1;
CyberStrike Arena;op148;negative;Not satisfied with CyberStrike Arena, too many issues and weak design.;1;
Farm Life Simulator;op149;negative;Not satisfied with Farm Life Simulator, too many issues and weak design.;1;
Galaxy Quest IV;op150;negative;Not satisfied with Galaxy Quest IV, too many issues and weak design.;1;
Racing Thunder 3;op151;negative;Not satisfied with Racing Thunder 3, too many issues and weak design.;1;
Mystic Realms Online;op152;negative;Not satisfied with Mystic Realms Online, too many issues and weak design.;1;
CyberStrike Arena;op153;negative;Not satisfied with CyberStrike Arena, too many issues and weak design.;1;
Farm Life Simulator;op154;negative;Not satisfied with Farm Life Simulator, too many issues and weak design.;1;
Galaxy Quest IV;op155;negative;Not satisfied with Galaxy Quest IV, too many issues and weak design.;1;
Racing Thunder 3;op156;negative;Not satisfied with Racing Thunder 3, too many issues and weak design.;1;
Mystic Realms Online;op157;negative;Not satisfied with Mystic Realms Online, too many issues and weak design.;1;
CyberStrike Arena;op158;negative;Not satisfied with CyberStrike Arena, too many issues and weak design.;1;
Farm Life Simulator;op159;negative;Not satisfied with Farm Life Simulator, too many issues and weak design.;1;
Galaxy Quest IV;op160;negative;Not satisfied with Galaxy Quest IV, too many issues and weak design.;1;
Racing Thunder 3;op161;negative;Not satisfied with Racing Thunder 3, too many issues and weak design.;1;
Mystic Realms Online;op162;negative;Not satisfied with Mystic Realms Online, too many issues and weak design.;1;
CyberStrike Arena;op163;negative;Not satisfied with CyberStrike Arena, too many issues and weak design.;1;
Farm Life Simulator;op164;negative;Not satisfied with Farm Life Simulator, too many issues and weak design.;1;
Galaxy Quest IV;op165;negative;Not satisfied with Galaxy Quest IV, too many issues and weak design.;1;
Racing Thunder 3;op166;negative;Not satisfied with Racing Thunder 3, too many issues and weak design.;1;
Mystic Realms Online;op167;negative;Not satisfied with Mystic Realms Online, too many issues and weak design.;1;
CyberStrike Arena;op168;negative;Not satisfied with CyberStrike Arena, too many issues and weak design.;1;
Farm Life Simulator;op169;negative;Not satisfied with Farm Life Simulator, too many issues and weak design.;1;
Galaxy Quest IV;op170;negative;Not satisfied with Galaxy Quest IV, too many issues and weak design.;1;
Racing Thunder 3;op171;negative;Not satisfied with Racing Thunder 3, too many issues and weak design.;1;
Mystic Realms Online;op172;negative;Not satisfied with Mystic Realms Online, too many issues and weak design.;1;
CyberStrike Arena;op173;negative;Not satisfied with CyberStrike Arena, too many issues and weak design.;1;
Farm Life Simulator;op174;negative;Not satisfied with Farm Life Simulator, too many issues and weak design.;1;
Galaxy Quest IV;op175;negative;Not satisfied with Galaxy Quest IV, too many issues and weak design.;1;
Racing Thunder 3;op176;negative;Not satisfied with Racing Thunder 3, too many issues and weak design.;1;
Mystic Realms Online;op177;negative;Not satisfied with Mystic Realms Online, too many issues and weak design.;1;
CyberStrike Arena;op178;negative;Not satisfied with CyberStrike Arena, too many issues and weak design.;1;
Farm Life Simulator;op179;negative;Not satisfied with Farm Life Simulator, too many issues and weak design.;1;
Galaxy Quest IV;op180;negative;Not satisfied with Galaxy Quest IV, too many issues and weak design.;1;
Racing Thunder 3;op181;negative;Not satisfied with Racing Thunder 3, too many issues and weak design.;1;
Mystic Realms Online;op182;negative;Not satisfied with Mystic Realms Online, too many issues and weak design.;1;
CyberStrike Arena;op183;negative;Not satisfied with CyberStrike Arena, too many issues and weak design.;1;
Farm Life Simulator;op184;negative;Not satisfied with Farm Life Simulator, too many issues and weak design.;1;
Galaxy Quest IV;op185;negative;Not satisfied with Galaxy Quest IV, too many issues and weak design.;1;
Racing Thunder 3;op186;negative;Not satisfied with Racing Thunder 3, too many issues and weak design.;1;
Mystic Realms Online;op187;negative;Not satisfied with Mystic Realms Online, too many issues and weak design.;1;
CyberStrike Arena;op188;negative;Not satisfied with CyberStrike Arena, too many issues and weak design.;1;
Farm Life Simulator;op189;negative;Not satisfied with Farm Life Simulator, too many issues and weak design.;1;
Galaxy Quest IV;op190;negative;Not satisfied with Galaxy Quest IV, too many issues and weak design.;1;
Racing Thunder 3;op191;negative;Not satisfied with Racing Thunder 3, too many issues and weak design.;1;
Mystic Realms Online;op192;negative;Not satisfied with Mystic Realms Online, too many issues and weak design.;1;
CyberStrike Arena;op193;negative;Not satisfied with CyberStrike Arena, too many issues and weak design.;1;
Farm Life Simulator;op194;negative;Not satisfied with Farm Life Simulator, too many issues and weak design.;1;
Galaxy Quest IV;op195;negative;Not satisfied with Galaxy Quest IV, too many issues and weak design.;1;
Racing Thunder 3;op196;negative;Not satisfied with Racing Thunder 3, too many issues and weak design.;1;
Mystic Realms Online;op197;negative;Not satisfied with Mystic Realms Online, too many issues and weak design.;1;
CyberStrike Arena;op198;negative;Not satisfied with CyberStrike Arena, too many issues and weak design.;1;
Farm Life Simulator;op199;negative;Not satisfied with Farm Life Simulator, too many issues and weak design.;1;
Galaxy Quest IV;op200;negative;Not satisfied with Galaxy Quest IV, too many issues and weak design.;1;
