product_name,opinion_id,sentiment,opinion,score,date
Galaxy Life Game,1,Positive,"Brings back so many memories! It's exactly the classic Flash game I used to love. The port to Steam is smooth and the community is great. Highly recommended for a fun, casual strategy game.",5,"2024-11-20"
Galaxy Life Game,2,Positive,"Clash of Clans in space, but better. The unique Starling characters and colorful graphics make it very appealing. Great for quick play sessions.",4,"2024-11-18"
Galaxy Life Game,3,Positive,"The developers have done an amazing job reviving this game. They actively listen to the community. 10/10 nostalgia bomb!",5,"2024-11-15"
Galaxy Life Game,4,Positive,"Perfect time-killer. Very easy to get into and start building your empire. Love the Alliance Wars feature.",5,"2024-11-12"
Galaxy Life Game,5,Positive,"A faithful recreation of the original. Everything I loved is here. The graphics still hold up for this style of game.",4,"2024-11-10"
Galaxy Life Game,6,Positive,"Free to play and genuinely fun. I've been playing for weeks without feeling pressured to buy anything. Good job, devs.",5,"2024-11-05"
Galaxy Life Game,7,Positive,"Excited to see my old friends playing again. The PvP battles are strategic and fun, unlike many mobile games.",4,"2024-10-30"
Galaxy Life Game,8,Positive,"Nostalgia hit! The gameplay is simple yet addictive. Highly recommend this to anyone who played the original.",5,"2024-10-25"
Galaxy Life Game,9,Positive,"The Star Base upgrade system feels rewarding. A lot of content to unlock. Great strategy game for PC.",5,"2024-10-20"
Galaxy Life Game,10,Positive,"Very positive community and active developers. It feels like a labor of love bringing this classic back to life.",5,"2024-10-15"
Galaxy Life Game,11,Positive,"Amazing game, reminds me of my childhood. If you like base defense and attack games, this is for you.",4,"2024-10-10"
Galaxy Life Game,12,Positive,"The co-op features are fun. Building up an alliance with friends adds a lot of replay value.",4,"2024-10-05"
Galaxy Life Game,13,Positive,"A truly free-to-play strategy game on Steam. The microtransactions are optional, which is fantastic.",5,"2024-09-28"
Galaxy Life Game,14,Positive,"It's a solid, charming game. Fun alien designs and decent strategy depth. Worth the download since it's free.",4,"2024-09-25"
Galaxy Life Game,15,Positive,"Fantastic revival! They kept the core mechanics that made the game great. Hours of fun guaranteed.",5,"2024-09-20"
Galaxy Life Game,16,Positive,"Finally on Steam! Runs perfectly on my system, and the progression speed feels fair.",5,"2024-09-15"
Galaxy Life Game,17,Positive,"Love the aesthetic and the cute, chaotic battles. Strategy elements are simple enough for anyone to pick up.",4,"2024-09-10"
Galaxy Life Game,18,Positive,"Highly addictive base-building and raiding game. Good balance between offense and defense.",5,"2024-09-05"
Galaxy Life Game,19,Positive,"A blast from the past! Everything is just as I remember, but cleaner. A must-play for nostalgia reasons.",5,"2024-08-30"
Galaxy Life Game,20,Positive,"The best Starling units are still fun to watch in combat. I'm hooked again!",4,"2024-08-25"
Galaxy Life Game,21,Positive,"Zero complaints. The game is exactly what it promises: a fun, free, and nostalgic strategy experience.",5,"2024-08-20"
Galaxy Life Game,22,Positive,"The UI is clean and easy to navigate. A smooth experience overall.",4,"2024-08-15"
Galaxy Life Game,23,Positive,"Great for playing casually. You can log in for 15 minutes and still feel productive.",5,"2024-08-10"
Galaxy Life Game,24,Positive,"I appreciate the commitment to making this accessible to everyone. No paywall here.",5,"2024-08-05"
Galaxy Life Game,25,Positive,"The sound design is charming. Really brings the alien world to life.",4,"2024-07-30"
Galaxy Life Game,26,Positive,"The Alliance system encourages teamwork and makes the game much more social.",5,"2024-07-25"
Galaxy Life Game,27,Positive,"I love the art style. The graphics are colorful and unique.",4,"2024-07-20"
Galaxy Life Game,28,Positive,"The combat feels strategic. Placement of troops really matters.",5,"2024-07-15"
Galaxy Life Game,29,Positive,"A perfect port. No unnecessary changes, just pure original fun.",5,"2024-07-10"
Galaxy Life Game,30,Positive,"Worth every minute I've spent on it. Very engaging progression loop.",4,"2024-07-05"
Galaxy Life Game,31,Positive,"This is what a revival should look like. Kudos to the development team!",5,"2024-06-30"
Galaxy Life Game,32,Positive,"Runs flawlessly on Steam Deck. Great portable strategy game.",5,"2024-06-25"
Galaxy Life Game,33,Positive,"The amount of units and buildings to unlock is vast. Keeps me coming back.",4,"2024-06-20"
Galaxy Life Game,34,Positive,"Fair matchmaking in PvP, usually against people my own level.",5,"2024-06-15"
Galaxy Life Game,35,Positive,"Easy to learn, difficult to master. Just the right balance for a strategy game.",5,"2024-06-10"
Galaxy Life Game,36,Positive,"Love raiding other bases and stealing resources. Classic fun!",4,"2024-06-05"
Galaxy Life Game,37,Positive,"The developers are active in the forums. It’s great to see that level of involvement.",5,"2024-05-30"
Galaxy Life Game,38,Positive,"The unique tower defense aspect of your base is really cool.",4,"2024-05-25"
Galaxy Life Game,39,Positive,"I've been playing since the Flash days. This is a dream come true!",5,"2024-05-20"
Galaxy Life Game,40,Positive,"Great social features. Easy to chat with my alliance members.",5,"2024-05-15"
Galaxy Life Game,41,Positive,"Super satisfying to successfully defend against a big attack.",4,"2024-05-10"
Galaxy Life Game,42,Positive,"The resource gathering is well-paced. Never felt like I hit a massive wall.",5,"2024-05-05"
Galaxy Life Game,43,Positive,"Highly stable servers and no major bugs encountered.",5,"2024-04-30"
Galaxy Life Game,44,Positive,"The music is cheerful and catchy. Great background noise while building.",4,"2024-04-25"
Galaxy Life Game,45,Positive,"My favorite childhood game, now accessible on PC. Thank you!",5,"2024-04-20"
Galaxy Life Game,46,Positive,"The progression tree makes sense and is easy to follow.",4,"2024-04-15"
Galaxy Life Game,47,Positive,"The variety of troop types keeps the battles interesting.",5,"2024-04-10"
Galaxy Life Game,48,Positive,"I love the little alien animations. Adds a lot of personality.",5,"2024-04-05"
Galaxy Life Game,49,Positive,"A solid 4/5, only because I wish there were more single-player missions.",4,"2024-03-30"
Galaxy Life Game,50,Positive,"Surprisingly deep strategy for a seemingly simple game. I'm impressed.",5,"2024-03-25"
Galaxy Life Game,51,Positive,"The developers are consistently pushing updates and new content.",5,"2024-03-20"
Galaxy Life Game,52,Positive,"Quick download, quick installation, quick fun. Zero hassle.",4,"2024-03-15"
Galaxy Life Game,53,Positive,"The base customization options are diverse and fun to tinker with.",5,"2024-03-10"
Galaxy Life Game,54,Positive,"I play this daily during my lunch break. Perfect time commitment.",5,"2024-03-05"
Galaxy Life Game,55,Positive,"The game has a welcoming atmosphere for new players.",4,"2024-02-29"
Galaxy Life Game,56,Positive,"The feeling of destroying an enemy base is unmatched!",5,"2024-02-25"
Galaxy Life Game,57,Positive,"It's the perfect blend of defense and offense strategy.",4,"2024-02-20"
Galaxy Life Game,58,Positive,"I highly recommend joining an active alliance for maximum enjoyment.",5,"2024-02-15"
Galaxy Life Game,59,Positive,"The game runs smoothly, even during large-scale battles.",5,"2024-02-10"
Galaxy Life Game,60,Positive,"It truly captures the essence of the original game without being greedy.",4,"2024-02-05"
Galaxy Life Game,61,Positive,"Simple controls and great responsiveness. Very polished experience.",5,"2024-01-30"
Galaxy Life Game,62,Positive,"My kids love it, and I love playing it with them. Family-friendly fun.",5,"2024-01-25"
Galaxy Life Game,63,Positive,"Excellent value for a free game. Easily worth $10.",4,"2024-01-20"
Galaxy Life Game,64,Positive,"The Starling characters have so much personality. They are adorable.",5,"2024-01-15"
Galaxy Life Game,65,Positive,"I’m still discovering new strategies after months of playing.",5,"2024-01-10"
Galaxy Life Game,66,Positive,"The energy system is fair and doesn't restrict playtime too much.",4,"2024-01-05"
Galaxy Life Game,67,Positive,"Great alternative to the overwhelming complexity of other strategy games.",5,"2023-12-30"
Galaxy Life Game,68,Positive,"I can't believe this classic is back! Best news of the year.",5,"2023-12-25"
Galaxy Life Game,69,Positive,"The global chat is active and mostly friendly. Good community vibe.",4,"2023-12-20"
Galaxy Life Game,70,Positive,"The unique unit abilities add a nice tactical layer to the combat.",5,"2023-12-15"
Galaxy Life Game,71,Positive,"Highly recommend this game for anyone who loves tower defense and attack.",5,"2023-12-10"
Galaxy Life Game,72,Positive,"Building placement is key, which makes defending your base a fun puzzle.",4,"2023-12-05"
Galaxy Life Game,73,Positive,"A truly timeless classic that has been resurrected properly.",5,"2023-11-30"
Galaxy Life Game,74,Positive,"I've introduced many friends to this, and they all love it. It's contagious fun.",5,"2023-11-25"
Galaxy Life Game,75,Positive,"The in-game tutorials, while short, cover the basics effectively.",4,"2023-11-20"
Galaxy Life Game,76,Positive,"I'm happy to support the developers for bringing this back.",5,"2023-11-15"
Galaxy Life Game,77,Positive,"The graphics look surprisingly crisp on a high-resolution monitor.",5,"2023-11-10"
Galaxy Life Game,78,Positive,"An absolute gem of a strategy game. Simple yet compelling.",4,"2023-11-05"
Galaxy Life Game,79,Positive,"The alliance perks and rewards are generous and worthwhile.",5,"2023-10-30"
Galaxy Life Game,80,Positive,"I've spent hours optimizing my base layout. Very engaging.",5,"2023-10-25"
Galaxy Life Game,81,Positive,"The combat mechanic where you drop troops is simple and effective.",4,"2023-10-20"
Galaxy Life Game,82,Positive,"It's the best time management game on Steam right now.",5,"2023-10-15"
Galaxy Life Game,83,Positive,"The Starling units are incredibly endearing. Great character design.",5,"2023-10-10"
Galaxy Life Game,84,Positive,"Never thought I'd get to play this on PC. Amazing job!",4,"2023-10-05"
Galaxy Life Game,85,Positive,"I love the constant cycle of raid, build, and defend.",5,"2023-09-28"
Galaxy Life Game,86,Positive,"A must-have free game for any strategy fan looking for a quick fix.",5,"2023-09-25"
Galaxy Life Game,87,Positive,"The sound effects are cute and satisfying, especially the explosions.",4,"2023-09-20"
Galaxy Life Game,88,Positive,"Very well-optimized. Runs perfectly even on my older laptop.",5,"2023-09-15"
Galaxy Life Game,89,Positive,"It's surprisingly easy to catch up even if you take a break.",5,"2023-09-10"
Galaxy Life Game,90,Positive,"The constant small rewards keep the momentum going.",4,"2023-09-05"
Galaxy Life Game,91,Positive,"Building up your base and watching it grow is extremely satisfying.",5,"2023-08-30"
Galaxy Life Game,92,Positive,"The in-game store is unobtrusive and fully optional. Refreshing!",5,"2023-08-25"
Galaxy Life Game,93,Positive,"This is the gold standard for reviving an old online game.",4,"2023-08-20"
Galaxy Life Game,94,Positive,"The competitive aspect is fun, but not too stressful.",5,"2023-08-15"
Galaxy Life Game,95,Positive,"I'm grateful the developers cared enough to bring this back.",5,"2023-08-10"
Galaxy Life Game,96,Positive,"The progression is balanced, giving you a reason to log in every day.",4,"2023-08-05"
Galaxy Life Game,97,Positive,"Simple yet robust strategy mechanics. Highly engaging.",5,"2023-07-30"
Galaxy Life Game,98,Positive,"It's a huge wave of nostalgia delivered in a perfect package.",5,"2023-07-25"
Galaxy Life Game,99,Positive,"I can easily spend an hour on this and not even realize it.",4,"2023-07-20"
Galaxy Life Game,100,Positive,"My highest recommendation. A fantastic, free strategy game.",5,"2023-07-15"
Galaxy Life Game,101,Negative,"The base building is too slow without spending money. It's a fun concept, but the freemium model really hurts the progression for free players.",2,"2024-11-20"
Galaxy Life Game,102,Negative,"Frequent server issues and sometimes laggy. The gameplay loop is addictive, but the technical problems need fixing.",3,"2024-11-18"
Galaxy Life Game,103,Negative,"The tutorial is non-existent. New players will struggle to figure out the advanced mechanics. Needs better guidance.",2,"2024-11-15"
Galaxy Life Game,104,Negative,"Got bored after a few hours. It’s basically just farming and waiting, the combat isn't engaging enough.",2,"2024-11-12"
Galaxy Life Game,105,Negative,"Lots of bots in the lower-level PvP, which makes raiding less satisfying. Hope this is addressed soon.",3,"2024-11-10"
Galaxy Life Game,106,Negative,"Constant grinding needed to progress past the early stages. The resource management is heavily skewed.",2,"2024-11-05"
Galaxy Life Game,107,Negative,"Extremely repetitive. It's the same raid, build, wait cycle endlessly. Lost interest fast.",1,"2024-10-30"
Galaxy Life Game,108,Negative,"The matchmaking is terrible. I keep getting paired with players ten levels above me, making raids impossible.",1,"2024-10-25"
Galaxy Life Game,109,Negative,"The UI is clunky and clearly designed for mobile, not PC. Needs optimization for desktop.",2,"2024-10-20"
Galaxy Life Game,110,Negative,"The unit pathing is awful. Troops get stuck or attack the wrong targets constantly, losing me battles.",2,"2024-10-15"
Galaxy Life Game,111,Negative,"Microtransactions are too aggressive. Pay-to-win elements are clearly present in the endgame.",1,"2024-10-10"
Galaxy Life Game,112,Negative,"Doesn't save progress properly sometimes. Lost a full day of building once. Unacceptable.",1,"2024-10-05"
Galaxy Life Game,113,Negative,"It's just a shameless clone of other, better mobile strategy games. Zero innovation.",2,"2024-09-28"
Galaxy Life Game,114,Negative,"Waiting times for high-level upgrades are absurd. Clearly designed to push 'speed up' purchases.",1,"2024-09-25"
Galaxy Life Game,115,Negative,"The community is toxic in the higher ranks. Constant trash talk and bullying.",3,"2024-09-20"
Galaxy Life Game,116,Negative,"The game forces you to constantly check in, or you get raided into oblivion. No fun.",2,"2024-09-15"
Galaxy Life Game,117,Negative,"The developers ignore bug reports. Same issues have been around for months.",2,"2024-09-10"
Galaxy Life Game,118,Negative,"Only playable if you are looking for pure nostalgia. As a modern game, it fails completely.",1,"2024-09-05"
Galaxy Life Game,119,Negative,"Low variety in defense options. Bases all look and defend the same way.",3,"2024-08-30"
Galaxy Life Game,120,Negative,"The graphics are dated, even for a revival. It looks like a cheap Flash game.",1,"2024-08-25"
Galaxy Life Game,121,Negative,"The game is effectively dead at high levels. No new content in sight.",2,"2024-08-20"
Galaxy Life Game,122,Negative,"The resource cap is too low, making hoarding resources for big upgrades nearly impossible.",2,"2024-08-15"
Galaxy Life Game,123,Negative,"It constantly disconnects me from the server, especially during crucial battles.",1,"2024-08-10"
Galaxy Life Game,124,Negative,"Too focused on PvP. Needs more single-player campaigns or objectives.",3,"2024-08-05"
Galaxy Life Game,125,Negative,"The Alliance Wars are completely unbalanced. One rich player can ruin it for everyone.",2,"2024-07-30"
Galaxy Life Game,126,Negative,"The daily quests are monotonous and unrewarding. Feels like a chore.",1,"2024-07-25"
Galaxy Life Game,127,Negative,"Requires too much effort for too little reward. Poor design loop.",2,"2024-07-20"
Galaxy Life Game,128,Negative,"The cost of unit training is too high, making frequent raiding discouraged.",2,"2024-07-15"
Galaxy Life Game,129,Negative,"It's just a money grab capitalizing on the old IP. Nothing new or improved.",1,"2024-07-10"
Galaxy Life Game,130,Negative,"The sound is highly annoying and repetitive. Had to mute it after five minutes.",1,"2024-07-05"
Galaxy Life Game,131,Negative,"I miss the old features that were removed in this Steam version. Disappointing.",2,"2024-06-30"
Galaxy Life Game,132,Negative,"Too many forced ads or pop-ups, even though I've already bought the starter pack.",1,"2024-06-25"
Galaxy Life Game,133,Negative,"Unfair advantage given to high-level players who simply bought their way up.",2,"2024-06-20"
Galaxy Life Game,134,Negative,"The game runs hot on my PC. Poor optimization.",1,"2024-06-15"
Galaxy Life Game,135,Negative,"No real strategy involved, just spamming units and hoping for the best.",2,"2024-06-10"
Galaxy Life Game,136,Negative,"It's a time-sink, and not in a good way. Just waiting for timers to finish.",1,"2024-06-05"
Galaxy Life Game,137,Negative,"The chat censoring is overly aggressive and censors common English words.",3,"2024-05-30"
Galaxy Life Game,138,Negative,"The unit models look blurry when zoomed in. Low-quality assets.",1,"2024-05-25"
Galaxy Life Game,139,Negative,"There are too many currencies and resources to track. Overly complicated.",2,"2024-05-20"
Galaxy Life Game,140,Negative,"The defense mechanisms are easily bypassed by high-level troops. Unfun defense.",2,"2024-05-15"
Galaxy Life Game,141,Negative,"It constantly crashes to the desktop during intense battles. Very frustrating.",1,"2024-05-10"
Galaxy Life Game,142,Negative,"The community is dead outside of peak hours. Hard to find alliances.",2,"2024-05-05"
Galaxy Life Game,143,Negative,"The 'Starling' units are cute, but the gameplay is dull and repetitive.",1,"2024-04-30"
Galaxy Life Game,144,Negative,"Updates are too infrequent, and when they arrive, they break more things than they fix.",2,"2024-04-25"
Galaxy Life Game,145,Negative,"I was expecting a full PC game, but this is clearly just a poorly scaled mobile port.",1,"2024-04-20"
Galaxy Life Game,146,Negative,"The game world feels static and lifeless. Needs more interaction.",2,"2024-04-15"
Galaxy Life Game,147,Negative,"The defense layout builder is tedious and difficult to use on PC.",2,"2024-04-10"
Galaxy Life Game,148,Negative,"My resources are constantly depleted by massive raids. Can't progress.",1,"2024-04-05"
Galaxy Life Game,149,Negative,"The developers seem focused only on adding new ways to spend money.",1,"2024-03-30"
Galaxy Life Game,150,Negative,"Zero customer support. Tried contacting them about a bug, and got no reply.",1,"2024-03-25"
Galaxy Life Game,151,Negative,"This game is just another Clash of Clans copycat with a space theme.",2,"2024-03-20"
Galaxy Life Game,152,Negative,"I can't recommend a game that forces me to wait days for a single upgrade.",1,"2024-03-15"
Galaxy Life Game,153,Negative,"The visuals are too cartoonish for my taste. Lacks a serious strategy feel.",2,"2024-03-10"
Galaxy Life Game,154,Negative,"It's impossible to recover if you fall behind early on. Frustrating experience.",1,"2024-03-05"
Galaxy Life Game,155,Negative,"The controls are imprecise, leading to misclicks during crucial troop drops.",2,"2024-02-29"
Galaxy Life Game,156,Negative,"The game is riddled with glitches and exploits that ruin the competitive balance.",1,"2024-02-25"
Galaxy Life Game,157,Negative,"I was looking for a relaxing game, but the constant raiding makes it stressful.",2,"2024-02-20"
Galaxy Life Game,158,Negative,"The lack of a good tutorial really killed my motivation to continue playing.",2,"2024-02-15"
Galaxy Life Game,159,Negative,"The game is constantly trying to sell me something. Invasive monetization.",1,"2024-02-10"
Galaxy Life Game,160,Negative,"I played the original, and this revival missed the mark entirely.",2,"2024-02-05"
Galaxy Life Game,161,Negative,"The balance changes are often arbitrary and break the existing meta.",3,"2024-01-30"
Galaxy Life Game,162,Negative,"Way too much clicking and micromanagement for a strategy game.",2,"2024-01-25"
Galaxy Life Game,163,Negative,"I hate the energy system. I want to play when I want to play, not wait.",1,"2024-01-20"
Galaxy Life Game,164,Negative,"It feels like a poorly maintained server hosting an old game.",1,"2024-01-15"
Galaxy Life Game,165,Negative,"The endgame is non-existent. You hit a wall and then just grind endlessly.",2,"2024-01-10"
Galaxy Life Game,166,Negative,"The game takes forever to load, even on a fast connection.",1,"2024-01-05"
Galaxy Life Game,167,Negative,"Every update seems to introduce a new, expensive premium feature.",1,"2023-12-30"
Galaxy Life Game,168,Negative,"I deleted it after a week. Not worth the time investment.",1,"2023-12-25"
Galaxy Life Game,169,Negative,"It's too heavily reliant on having a strong alliance, which is hard to find.",2,"2023-12-20"
Galaxy Life Game,170,Negative,"The time commitment is just too high for a casual game. Requires daily devotion.",2,"2023-12-15"
Galaxy Life Game,171,Negative,"Visually confusing in large battles; hard to tell what's going on.",3,"2023-12-10"
Galaxy Life Game,172,Negative,"The lack of an 'undo' button for troop drops is incredibly frustrating.",2,"2023-12-05"
Galaxy Life Game,173,Negative,"The developers clearly don't care about the F2P experience.",1,"2023-11-30"
Galaxy Life Game,174,Negative,"I constantly run out of money and wood, halting all progress immediately.",2,"2023-11-25"
Galaxy Life Game,175,Negative,"My account got hacked/stolen, and support did nothing to help me recover it.",1,"2023-11-20"
Galaxy Life Game,176,Negative,"The entire game feels like one giant microtransaction advertisement.",1,"2023-11-15"
Galaxy Life Game,177,Negative,"The rewards for defending your base are pitiful compared to the damage taken.",2,"2023-11-10"
Galaxy Life Game,178,Negative,"The game is inaccessible to colorblind players due to poor color choices.",3,"2023-11-05"
Galaxy Life Game,179,Negative,"I experienced a permanent bug where one of my builders stopped working.",1,"2023-10-30"
Galaxy Life Game,180,Negative,"The unit AI is so stupid; they attack walls instead of walking around them.",1,"2023-10-25"
Galaxy Life Game,181,Negative,"I regret the money I spent on this game. Not worth it at all.",1,"2023-10-20"
Galaxy Life Game,182,Negative,"The developers need to focus on stability before adding any more content.",2,"2023-10-15"
Galaxy Life Game,183,Negative,"The music is okay, but it loops every 30 seconds, driving me insane.",1,"2023-10-10"
Galaxy Life Game,184,Negative,"The constant notifications urging me to play are intrusive and annoying.",2,"2023-10-05"
Galaxy Life Game,185,Negative,"It feels like the game punishes you for trying to play efficiently.",2,"2023-09-28"
Galaxy Life Game,186,Negative,"The Starling characters look nice, but the game itself is uninspired.",1,"2023-09-25"
Galaxy Life Game,187,Negative,"The controls feel unresponsive when placing multiple troops quickly.",2,"2023-09-20"
Galaxy Life Game,188,Negative,"I wish there was an option to disable PvP entirely. It's too stressful.",3,"2023-09-15"
Galaxy Life Game,189,Negative,"The lack of new maps or zones makes the experience stale very fast.",2,"2023-09-10"
Galaxy Life Game,190,Negative,"You can only join an alliance at a ridiculously high level. Isolation early on.",2,"2023-09-05"
Galaxy Life Game,191,Negative,"The game takes up too much space on my drive for what it offers.",1,"2023-08-30"
Galaxy Life Game,192,Negative,"The visual cues for low health are unclear. Units die without me realizing.",3,"2023-08-25"
Galaxy Life Game,193,Negative,"It constantly forces me to update the game every time I launch it.",2,"2023-08-20"
Galaxy Life Game,194,Negative,"I stopped playing because a single overpowered unit was ruining the meta.",1,"2023-08-15"
Galaxy Life Game,195,Negative,"The defense layout system is unnecessarily complicated and confusing.",2,"2023-08-10"
Galaxy Life Game,196,Negative,"This is a regression from the original version. Not a true revival.",1,"2023-08-05"
Galaxy Life Game,197,Negative,"The game is not suitable for players who can't log in multiple times a day.",2,"2023-07-30"
Galaxy Life Game,198,Negative,"I was banned for no reason and couldn't get my account back. Terrible policy.",1,"2023-07-25"
Galaxy Life Game,199,Negative,"The Starling units are too weak, making high-level raids nearly impossible to win.",2,"2023-07-20"
Galaxy Life Game,200,Negative,"An underwhelming experience that relies too much on its past popularity.",1,"2023-07-15"